Code,Description
"19031","Mackey International Inc.: MAC"
"19032","Munz Northern Airlines Inc.: XY"
"19033","Cochise Airlines Inc.: COC"
"19034","Golden Gate Airlines Inc.: GSA"
"19035","Aeromech Inc.: RZZ"
"19036","Golden West Airlines Co.: GLW"
"19037","Puerto Rico Intl Airlines: PRN"
"19038","Air America Inc.: STZ"
"19039","Swift Aire Lines Inc.: SWT"
"19040","American Central Airlines: TSF"
"19041","Valdez Airlines: VEZ"
"19042","Southeast Alaska Airlines: WEB"
"19043","Altair Airlines Inc.: AAR"
"19044","Chitina Air Service: CHI"
"19045","Marco Island Airways Inc.: MRC"
"19046","Caribbean Air Services Inc.: OHZ"
"19047","Sundance Airlines: PRO"
"19048","Seair Alaska Airlines Inc.: SAI"
"19049","Southeast Airlines Inc.: SLZ"
"19050","Alaska Aeronautical Indust.: AAZ"
"19051","Imperial Airlines Inc.: IMP"
"19052","Trans Western Airlines Utah: TWA"
"19053","Wright Airlines Inc.: WRT"
"19054","Presidential Express: COL"
"19055","Mississippi Valley Airlines: MVA"
"19056","Channel Flying Inc.: CHL"
"19057","Rocky Mountain Airways Inc.: JCZ"
"19058","Midstate Airlines Inc.: MIS"
"19059","Sedalia Marshall Boonvl Stg: STG"
"19060","Inlet Airlines: CKI"
"19061","Command Airways Inc.: CMD"
"19062","Emerald Airlines: EMA"
"19063","Orion Air Inc.: ORI"
"19064","Pan Am Express: RAN"
"19065","Air Micronesia Inc.: AJ"
"19066","Sunbird Inc.: SKI"
"19067","Wings West Airlines: WWI"
"19068","Southcentral Air Inc.: AND"
"19069","Air Cargo Express Inc.: ACG"
"19070","Associated Aviation Act.: AAA"
"19071","Antilles Air Boats Inc.: AAB"
"19072","AAA Airlines: AAE"
"19073","Argosy Air Lines Inc.: AAL"
"19074","Air Bahia: ABH"
"19075","Airbama Incorporated: ABI"
"19076","Aeronaves Boringuena Inc.: ABO"
"19077","Alaska Central Airways Inc.: ACA"
"19078","Island Airlines Hawaii Inc.: ACH"
"19079","AAA-Action Air Carrier Inc.: ACI"
"19080","Air Cargo Enterprises Inc.: ACO"
"19081","Air Chaparral Inc.: ACP"
"19082","Alamo Commuter Airlines: ACS"
"19083","Air Central Inc. (1): ACT"
"19084","Air Central Inc.: ACK"
"19085","Astec Air East Inc.: AEC"
"19086","American Flag Airlines Inc.: AFA"
"19087","Air Cargo America Inc.: AGA"
"19088","All Island Air: AIA"
"19089","Air Express Inc.: AIE"
"19090","Air Mont. Inc.: AIM"
"19091","Air Indiana: AIN"
"19092","Air-Lift Associates Inc.: ALE"
"19093","Brandt Air: ALI"
"19094","All Seasons Air Pacific: ALL"
"19095","North American Airlines Inc.: AMA"
"19096","American Inter-Island Inc.: AMI"
"19097","Air Nebraska Inc.: ANB"
"19098","Airways Of New Mexico Inc.: ANM"
"19099","Metro Air Northeast Vermont: ANO"
"19100","Air North/Nenana: ANT"
"19101","Trans New York: AOI"
"19102","Arizona Pacific Inc.: API"
"19103","Appalachian Flying Service: APL"
"19104","Air Polynesia Inc.: APY"
"19105","Arizona Aero Corp.: ARI"
"19106","Arnold Aviation: ARN"
"19107","Air Oregon: ARO"
"19108","Arrowhead Airways Inc.: ARR"
"19109","Amistad Airlines: ASD"
"19110","Alpine Air Services Inc.: ASI"
"19111","Asap Air Inc.: ASP"
"19112","Astro Airways: AST"
"19113","Air Atlantic Airlines Inc.: ATN"
"19114","Pacific National Airways: ATO"
"19115","Atlantis Airlines Inc.: ATS"
"19116","Aerotransit Inc.: ATT"
"19117","Air Carolina: ATX"
"19118","Air Vectors Airways: AVA"
"19119","Aero Virgin Islands Corp.: AVI"
"19120","Aviation Services: AVS"
"19121","Southern Jersey Airways: AVZ"
"19122","Business Aircraft Corp.: BAC"
"19123","Brennan & Hargreaves Inc.: BAH"
"19124","Bankair Inc.: BAK"
"19125","Bard-Air Corp.: BAR"
"19126","Baja Cortez Airlines: BCA"
"19127","Bennington Aviation Inc.: BEN"
"19128","Beyer Aviation: BEY"
"19129","Blackhawk Airways Inc.: BHK"
"19130","Bighorn Airways Inc.: BHO"
"19131","Birchwood Air Service: BIR"
"19132","Bremerton Aviation Inc.: BMT"
"19133","Boise Air Service: BOA"
"19134","Brower Airways Inc.: BRO"
"19135","Burlington Airways Inc.: BUR"
"19136","Coleman Air Transport: CAC"
"19137","Crawford Aviation Inc.: CAI"
"19138","C & M Airlines: CAM"
"19139","Metro Air Northeast N Y: CAP"
"19140","Catalina Airlines Inc.: CAT"
"19141","Air Virginia: CAV"
"19142","Carriba Air Inc.: CBA"
"19143","Cen-Tex Airlines Inc.: CEN"
"19144","Century Airlines (Cal): CET"
"19145","Chandler Flyer: CHD"
"19146","Charter Airlines: CHE"
"19147","Hammonds Commuter Air Serv.: CHF"
"19148","Choi Aviation Inc.: CHO"
"19149","Christman Air System: CHS"
"19150","Cal Sierra Airlines: CIS"
"19151","Centennial Airlines: CNN"
"19152","Cotton Belt Aviation Inc.: COB"
"19153","Coker Aviation Inc.: COK"
"19154","Commutair: COM"
"19155","Coral Air Inc.: COR"
"19156","Cosmopolitan Comm. Airline: COS"
"19157","Southeastern Commuter: COT"
"19158","Courtesy Air Service Inc.: COU"
"19159","Capitol Air Lines: CPA"
"19160","Coastal Plains Commuter Inc.: CPC"
"19161","Commuter Airlines: CRA"
"19162","Crown Aviaiton Inc.: CRN"
"19163","Crown Airways Inc.: CRO"
"19164","Crested Butte Air Service: CRT"
"19165","Catskill Airways Inc.: CSK"
"19166","Century Airlines: CTA"
"19167","Cothron Aviation: CTH"
"19168","Catalina-Vegas Airlines: CVA"
"19169","Danbury Airlines: DAN"
"19170","Downeast Airlines Inc.: DEA"
"19171","Decatur Aviation: DEC"
"19172","DHL Airlines Inc.: DHL"
"19173","Dickman Aviation Services: DIC"
"19174","Desert Pacific Airways: DPA"
"19175","Desert Pacific Airlines Inc.: DPI"
"19176","Desert Airlines: DST"
"19177","Executive Aviation Inc.: EAI"
"19178","Eastern Caribbean Airways: EAS"
"19179","Eastern Carolina Aviation: ECI"
"19180","Ede Aire: EDE"
"19181","Executive Four Winds: EFA"
"19182","Eagle Commuter Airlines Inc.: EGL"
"19183","East Hampton Aire Inc.: EHA"
"19184","East. Indiana Aviation Sale: EIA"
"19185","Air Pacific Inc.: EKA"
"19186","Erie Airways Inc.: ERI"
"19187","Empire Aero Service: ERO"
"19188","Evanston Aviation: EVA"
"19189","Federal Armored Service Inc.: FAR"
"19190","Young Flying Service: FBI"
"19191","Southern Airlines Inc.: FCA"
"19192","Florida Airlines Inc.: FDA"
"19193","Freedom Airlines Inc.: FDM"
"19194","Flamenco Airways Inc.: FLM"
"19195","Ford-Aire Inc.: FOR"
"19196","Foster Aviation: FOS"
"19197","Skycraft Inc.: FVA"
"19198","Far West Airlines: FWA"
"19199","General Aviation Inc.: GAS"
"19200","Gromer Aviation Inc.: GAV"
"19201","Central States Airline: GBA"
"19202","Golden Carriage Aire: GCA"
"19203","Midway Commuter: GCS"
"19204","Green Hills Aviation Ltd.: GHA"
"19205","Green Mountain Airlines Ltd.: GMA"
"19206","Copper State Airlines: GOF"
"19207","Isle Royale Seaplane Serv.: GRO"
"19208","Golden South Airlines Inc.: GSL"
"19209","Gull Air Inc.: GUL"
"19210","Gunnel Aviation Inc.: GUN"
"19211","Ross Aviation Inc.: GWE"
"19212","Heussler Air Service Corp: HEU"
"19213","Hensley Flying Service Inc.: HFS"
"19214","Long Island Airlines: HMZ"
"19215","Holiday Airlines Inc.: HOL"
"19216","Iowa Airlines: HOR"
"19217","Pacific Coast Airlines: HPZ"
"19218","Trans-National Airlines Haw: HRA"
"19219","Scenic Airlines Inc.: HSZ"
"19220","Skystream Airlines: HUB"
"19221","Hawking Corporation: HWK"
"19222","Hyannis Aviation: HYA"
"19223","Iowa City Flying Service: ICF"
"19224","Idee Industries Inc.: III"
"19225","Inland Empire Airlines Inc.: INA"
"19226","Indiana Airways Inc. (Pa): IND"
"19227","Indo-Pacific International: IPI"
"19228","Island Airlines: ISL"
"19229","Sunbelt Airlines Inc.: JAM"
"19230","Air Chico: JCM"
"19231","Jer-Don Air: JER"
"19232","Knight Airlines Inc.: KAI"
"19233","Key Airlines: KEE"
"19234","Crown Air: KWZ"
"19235","Chaparral Airlines Inc.: KXZ"
"19236","Lancer Aviation Inc.: LAN"
"19237","Lawrence Aviation: LAW"
"19238","Havasu Airlines: LHA"
"19239","Lakeland Aviation: LLA"
"19240","Aero Commuter: LOS"
"19241","Las Vegas Airlines: LVA"
"19242","Magum Airlines: MAG"
"19243","The Maui Commuter: MAI"
"19244","Marshall's Air Inc.: MAR"
"19245","Maxair Inc.: MAX"
"19246","Mid Continental Airlines In: MCO"
"19247","Metro Airlines: MDU"
"19248","Metroplex Airlines: MET"
"19249","Midway Aviation Inc.: MIY"
"19250","Miller Air Transportersinc: MLL"
"19251","Ocean Airways Inc.: MMH"
"19252","Cumberland Airlines: MNZ"
"19253","Merrimack Aviation Inc.: MRR"
"19254","Midwest Aviation: MST"
"19255","Arkansas Traveler Airline: MTA"
"19256","Metroflight Airlines: MTR"
"19257","National Air Commuter Inc.: NAC"
"19258","New Born Wings Inc.: NEB"
"19259","Nor East Commuter Airlines: NEC"
"19260","Nevada Airlines: NEV"
"19261","Northern Eagle Airways Inc.: NGL"
"19262","Newair Flight Inc.: NHA"
"19263","N. J. Merrimack Airlines: NJA"
"19264","E. J. A. Newport Inc.: NPT"
"19265","Northaire: NTH"
"19266","Lake State Airways: NUM"
"19267","New York Helicopter Corp.: NYH"
"19268","Harbor Airlines Inc.: OAK"
"19269","Ocean Reef Airways Inc.: OCR"
"19270","Offshore Logistics: OFF"
"19271","Omaha Aviation: OHA"
"19272","Corporate Air Inc.: OIZ"
"19273","Omak Aviation Airlines: OMK"
"19274","Omni Pacific Airline: OMN"
"19275","Sun Aire Lines: OOZ"
"19276","Air Kentucky Air Lines: OWS"
"19277","Permian Airways Inc.: PAI"
"19278","Provincetown Boston: PBA"
"19279","Piasa Commuter Airlines: PCA"
"19280","Trans Southern Airways: PDA"
"19281","Pearson Aircraft: PEA"
"19282","Air Pennsylvania: PER"
"19283","Petro Aviation Corp.: PET"
"19284","Phillips Airlines: PHL"
"19285","Phoenix Airlines: PHX"
"19286","Pacific Island Airways: PIA"
"19287","Planes Inc.: PLA"
"19288","Polar Airways Inc.: PLZ"
"19289","Pacific Missionary Aviation: PMA"
"19290","Pioneer Airways: PNR"
"19291","Pocono Airlines Inc.: POC"
"19292","Pompano Airways: POM"
"19293","Ponderosa Aviation Inc.: PON"
"19294","Princeton Aviation Corp: PRA"
"19295","Pro Air Services: PRR"
"19296","Precision Valley Aviation: PVA"
"19297","Bar Harbor Airways: QOZ"
"19298","Royal-Air Ltd.: RAL"
"19299","Realwest Airlines: REA"
"19300","Aerosun International Airlines Inc.: RED"
"19301","Royal Hawaiian Airways Inc.: RHA"
"19302","Richardson Aviation: RIC"
"19303","Indiana Airways Inc. (Reid: RID"
"19304","Rio Airways Inc.: RIO"
"19305","Riverside Air Service: RIV"
"19306","Michigan Airways Inc.: RJS"
"19307","Roederer Aviation Inc.: ROE"
"19308","Royal American Airways Inc.: ROY"
"19309","Air Rovers Inc.: RWG"
"19310","Sajen Air Inc.: SAJ"
"19311","Samoan Airlines Inc.: SAM"
"19312","Air Cortez International: SAS"
"19313","Air Americana: SAX"
"19314","Saber Aviation Inc.: SBA"
"19315","Suburban Airlines: SBN"
"19316","Seaco Airlines Inc.: SCO"
"19317","Skyline Airlines: SCT"
"19318","South Coast Airways: SCY"
"19319","Semo Aviation Inc.: SEM"
"19320","Stahmannfarms Inc.: SFI"
"19321","Sfo Helicopter Airlines Inc.: SFO"
"19322","Sierra Flite Service Inc.: SFS"
"19323","Shasta Air Inc.: SHS"
"19324","Shavano Air Inc.: SHV"
"19325","Silver State Airlines: SIA"
"19326","San Juan Airlines Inc.: SJA"
"19327","Bas Airlines: SKL"
"19328","Scheduled Skyways: SKM"
"19329","Stopher Mechanical Inc.: SMC"
"19330","Gelco Courier Services Inc.: SNC"
"19331","Shawnee Airlines: SNE"
"19332","Mall Airways Inc.: SOA"
"19333","Soonair Lines Inc.: SOL"
"19334","Springfield Air Service: SPF"
"19335","Sterling Air Service: SRL"
"19336","Southern Seaplane: SSP"
"19337","Sierra Express Inc.: SSS"
"19338","Seaplane Shuttle Transport: SST"
"19339","Trans East International: STF"
"19340","Star Aviation Corporation: STR"
"19341","Sun International Airways: SUI"
"19342","Sunbelt: SUT"
"19343","Sun Valley Airlines: SVL"
"19344","Sunwest Airlines: SWA"
"19345","Air Colorado: TAC"
"19346","Tejas Airlines Inc.: TAL"
"19347","Yosemite Airlines Inc.: TAS"
"19348","Trans Catalina Airlines: TCA"
"19349","Oceanair Line: TCE"
"19350","Trans California Airlines: TCI"
"19351","Trans-Central Airlines Inc.: TCL"
"19352","Trans-Colorado Airlines: TCO"
"19353","Tennessee Airways Inc.: TEN"
"19354","Terre Haute Air Commuter: TER"
"19355","Thorson Aviation: THO"
"19356","Trans Air Inc.: TIA"
"19357","Skyfreight: TIS"
"19358","Trans Mo Airlines: TMA"
"19359","Transtate Aviation: TNS"
"19360","Trans Pennsylvania Airlines: TRP"
"19361","Trans Sierra Airlines Inc.: TSI"
"19362","Tulsair Beechcraft Inc.: TUL"
"19363","Temsco Airlines: TYE"
"19364","Universal Airways Inc.: UAI"
"19365","Air U.S.: USA"
"19366","Vagabond Aviation Inc.: VAG"
"19367","Britt Airlines Inc.: VER"
"19368","Viking Express: VIG"
"19369","Vale International Airlines: VIN"
"19370","Valley Airlines: VLY"
"19371","Air East Airlines: WAC"
"19372","Walker's International: WCA"
"19373","Mountainwest Airlines: WCI"
"19374","Western Star Airlines Inc.: WES"
"19375","Western Charter Inc.: WET"
"19376","Wheeler Airlines: WFS"
"19377","Wisc Air: WIA"
"19378","Will's Air: WIL"
"19379","Wings Airways: WNG"
"19380","Mcphillips Flying Service: ZFZ"
"19381","Air New Mexico: ZIA"
"19382","Winnipesaukee Aviation Inc.: ZMZ"
"19383","Skyway Aviation Inc.: ZYZ"
"19384","P.S. Air Freight Inc.: PSA"
"19385","Reeve Aleutian Airways Inc.: RV (1)"
"19386","Northwest Airlines Inc.: NW"
"19387","Wien Air Alaska Inc.: WC"
"19388","Southern Airways: FTI"
"19389","Air Florida Inc.: QH"
"19390","Air California Inc.: OC"
"19391","Pacific Southwest Airlines: PS (1)"
"19392","Rich International Airways: RIQ"
"19393","Southwest Airlines Co.: WN"
"19394","Mid-South Aviation Inc.: VL"
"19395","Mid-South Aviation Inc. (1): RCA"
"19396","Sky West Aviation Inc.: QG"
"19397","Republic Airlines Inc.: RC"
"19398","Dauphin Island Airways: DAU"
"19399","New York Air Inc.: NY"
"19400","Global International Airways Corp.: GIQ"
"19401","Colgan Airways Inc.: CJ"
"19402","Overseas National Airways: UNQ"
"19403","Flight International: PTQ"
"19404","Academy Airlines: ACD"
"19405","Check-Air Inc.: ACL"
"19406","Transwest Air Express: ACW"
"19407","Airgo Inc.: AIG"
"19408","American Air Transport: AMT"
"19409","Bo-S-Aire Airlines Inc.: BOI"
"19410","Combs Airways Inc.: CMB"
"19411","Summit Airlines Inc.: DUZ"
"19412","Eagle Aviation Inc.: EEZ"
"19413","Falwell Aviation Inc.: FAA"
"19414","Falcon Airways Inc.: FAC"
"19415","Pinehurst Airlines Inc.: PHR"
"19416","Great Western Airlines Inc.: ROS"
"19417","Air Freight Express: RRT"
"19418","S. S. Airways Inc.: SSA"
"19419","Aero Union Corp: XAA"
"19420","Air Express International Airlines: XAC"
"19421","Central American International: XAJ"
"19422","Michigan Peninsula Airways: XAT"
"19423","WTC Airlines: XBF"
"19424","Profit Airlines Inc.: XBH"
"19425","CF Air Freight: XBI"
"19426","International Air Service: XBJ"
"19427","Aeronaves De Puerto Rico: XBQ"
"19428","Allstates Air Cargo Inc.: XBR"
"19429","Cam Air International Inc.: XAQ"
"19430","Purolator Sky Courier Inc.: XAZ"
"19431","Circle Airfreight Corp.: XBP"
"19432","Pacific Alaska Airlines Inc.: XBT"
"19433","Icb International Airlines: XBX"
"19434","Cohlmia Aviation: XAM"
"19435","Amerford Airways Inc.: XAE"
"19436","Astro-Wing Airlines Inc.: XAF"
"19437","Ball Brothers Inc.: XAG"
"19438","Burlington Northern Inc.: XAI"
"19439","Century Airlines Inc.: XAK"
"19440","Dallas Flight Center: XAO"
"19441","Jet Way Inc.: XAR"
"19442","Klondike Air Inc.: XAS"
"19443","Pat Air: XAY"
"19444","Phh Air Inc.: XBM"
"19445","Flight Line Inc.: XAU"
"19446","Viking International Airlines Inc.: CGL"
"19447","Capitol International Inc.: CL"
"19448","Air Caravane Inc.: AEQ"
"19449","Argo S. A.: AGQ"
"19450","Norontair: AIQ"
"19451","Alberta Northern Airlines: ALQ"
"19452","Aviacion Y Comercio S.A.: AO"
"19453","Air Bvi Limited: BLQ"
"19454","Spantax S. A.: BXQ"
"19455","Dan Air Services: DA"
"19456","Maersk Air I/S: DM"
"19457","Aerolineas Dominicanas S A: DOQ"
"19458","Caribwest Airways Ltd.: DQQ"
"19459","Execaire Aviation Ltd.: EBQ"
"19460","Aero Trades (Western) Ltd.: ERQ"
"19461","Fast Air Carrier Ltd. (1): FAQ"
"19462","Business Flights Ltd.: HIQ"
"19463","Tar Airlines: HRQ"
"19464","Transavia Holland B. V.: HVQ"
"19465","Iscargo Hf: ICQ"
"19466","Tradewinds Airways Ltd.: IKQ"
"19467","Aerlinte Eireann Teoranta: IN"
"19468","Iran National Airlines Corp: IR"
"19469","Inair: IXQ"
"19470","Allarco Developments Ltd.: JXQ"
"19471","Transmeridian Air Cargo Ltd.: KKQ"
"19472","Kelowna Flightcraft Air Cha: KWQ"
"19473","Liat (1974) Limited: LIQ"
"19474","Millardair Limited: MAQ"
"19475","Montana Austria Flugetrieb: MGQ"
"19476","P.N. Merpati Nusantara Air.: MZ"
"19477","North Cariboo Flying Serv.: NFQ"
"19478","Norcanair: NKQ"
"19479","Northward Airlines Ltd.: NN"
"19480","North Coast Air Services: NSQ"
"19481","National Aviation Consult.: NTQ"
"19482","Air Niugini: NUQ"
"19483","Nunasi-Central Airlines Ltd.: ONQ"
"19484","Ontario Worldair Limited: OWQ"
"19485","Pem-Air Limited: PD (1)"
"19486","Eastern Provincial Airways: PV"
"19487","Pacific Western Airlines: PW"
"19488","Inter-Quebec (Intair): QB"
"19489","Syrian Arab Airlines: RB"
"19490","Aerotransportes Entre Rios: RSQ"
"19491","Redcoat Air Cargo Limited: RY"
"19492","Skycharter (Malton) Ltd.: SJQ"
"19493","Superior Airways Limited: SSQ"
"19494","Belize Airways Limited: ST"
"19495","Skycraft Air Transport Inc.: STQ"
"19496","Trans-Mediterranean Airways: TLQ"
"19497","British Caribbean Airways: TXQ"
"19498","Air Manila Inc.: UMQ"
"19499","Avalon Aviation Ltd.: VOQ"
"19500","Wardair Canada Inc.: WDQ"
"19501","Gateway Aviation Limited: WGQ"
"19502","Windward Islands Airways: WM"
"19503","Nal Inc.: XBV"
"19504","Yellow Bird Air: YBQ"
"19505","Air Europe Limited: AE"
"19506","Intair: ND"
"19507","Yugoslav Airlines: JU"
"19508","Union De Transports Aeriens: UT"
"19509","Air Haiti S. A.: HJ"
"19510","Servicio Aereo De Honduras: SH"
"19511","Sterling Airways A/S: NBQ"
"19512","Aerolineas El Salvador S A: SZQ"
"19513","Transp. Aereos Bolivianos: BOQ"
"19514","Aeronaves Del Peru: ADQ"
"19515","Compania Dominicana De Avia: DO"
"19516","Nigeria Airways Ltd.: WT"
"19517","Lineas Aereas Paraguayas: PZ"
"19518","Lufthansa Cargo Airlines: GE"
"19519","Venezuelan International Airways: VA (1)"
"19520","Andes: ED"
"19521","Compan. De Aviacion Faucett: CF"
"19522","Aviateca: GU"
"19523","Canadian Airlines International Ltd.: CP (1)"
"19524","Guyana Airways Corporation: GY"
"19525","Seagreen Air Transport: ESQ"
"19526","Air Nauru: ON"
"19527","Aero Peru: PL"
"19528","Balair Ag: BBQ"
"19529","Sabena Belgian World Air.: SN (1)"
"19530","Air Afrique: RK"
"19531","Air Canada: AC"
"19532","Compagnie Natl Air France: AF"
"19533","National Aviation Company of India Limited d/b/a Air India: AI"
"19534","Aeromexico: AM"
"19535","Aerolineas Argentinas: AR"
"19536","Royal Air Maroc: AT"
"19537","Aerovias Nacl De Colombia: AV"
"19538","Finnair Oy: AY"
"19539","Compagnia Aerea Italiana: AZ"
"19540","British Airways Plc: BA"
"19541","British Midland Airways Ltd.: BD"
"19542","Caribbean Airlines Limited: BW"
"19543","Air China: CA"
"19544","China Airlines Ltd.: CI"
"19545","Cargolux Airlines International S.A: CV"
"19546","Icelandair: FI"
"19547","Iberia Air Lines Of Spain: IB"
"19548","Japan Air Lines Co. Ltd.: JL"
"19549","Air Jamaica Limited: JM"
"19550","Korean Air Lines Co. Ltd.: KE"
"19551","Klm Royal Dutch Airlines: KL"
"19552","Lan-Chile Airlines: LA"
"19553","Lloyd Aereo Boliviano S. A.: LB"
"19554","Lufthansa German Airlines: LH"
"19555","Polskie Linie Lotnicze: LO"
"19556","Lacsa: LR"
"19557","Luftransport-Unternehmen: LT"
"19558","El Al Israel Airlines Ltd.: LY"
"19559","Compania Mexicana De Aviaci: MX"
"19560","N. W. Territorial Airways: NWQ"
"19561","Olympic Airways: OA"
"19562","Polynesian Airlines Ltd.: PH"
"19563","Pakistan International Airlines: PK"
"19564","Philippine Airlines Inc.: PR"
"19565","Surinam Airways Limited: PY"
"19566","Qantas Airways Ltd.: QF"
"19567","Varig S. A.: RG"
"19568","Alia-(The) Royal Jordanian: RJ"
"19569","Tarom Romanian Air Transpor: RO"
"19570","South African Airways: SA"
"19571","Scandinavian Airlines Sys.: SK"
"19572","Singapore Airlines Ltd.: SQ"
"19573","Aeroflot Russian Airlines: SU"
"19574","Taca International Airlines: TA"
"19575","Thai Airways International Ltd.: TG"
"19576","Tap-Portuguese Airlines: TP"
"19577","Bahamasair Holding Limited: UP"
"19578","Transtar Airlines Corp.: MC"
"19579","Heavylift Cargo Airlines Lt: HLQ"
"19580","Ladeco: UC"
"19581","Altus Airlines: ALT"
"19582","Atlantic Air: ANC"
"19583","Aero International Airlines: BAA"
"19584","Northern Star: DIR"
"19585","Skytrain: SKT"
"19586","Trans Air Cargo Inc.: TGO"
"19587","T-Bird Air Inc.: THQ"
"19588","Royal West Airways Inc.: ROA"
"19589","Air East Of Delaware Inc.: AED"
"19590","Atlanta Express: ALX"
"19591","Air New Orleans: AOR"
"19592","Air Vermont Inc.: AVR"
"19593","Dolphin Airways Inc.: DOL"
"19594","Devoe Airlines: DVO"
"19595","Golden Pacific Airlines: KIN"
"19596","National Florida Airlines: NFA"
"19597","Slocum Air Inc.: SLO"
"19598","State Airlines Inc.: STA"
"19599","Air Molakai: TRO"
"19600","Williams Air Inc.: WIR"
"19601","Mission Air: WSU"
"19602","Guy-America Airways Inc.: HX"
"19603","Pacific Express: VB (1)"
"19604","Northeastern International Airways: QS (1)"
"19605","Friendship Air Alaska: HAR"
"19606","Minuteman Aviation Inc.: MIN"
"19607","Virgin Islands Seaplane: VIS"
"19608","Flying Tiger Line Inc.: FT"
"19609","Aerocondor: OD (1)"
"19610","Emerald Airlines Inc.: OD"
"19611","Northern Airlines Inc.: NRN"
"19612","Pacific East Air Inc.: 6P"
"19613","Jet Charter Service Inc.: TJ"
"19614","Aeroservicios Ecuatorianos: EOQ"
"19615","Arista International Airlines Inc.: RAQ"
"19616","Kuwait Airways Corp.: KU"
"19617","Burlington Aeroplane Co.: BAY"
"19618","Desert Sun Airlines: DSA"
"19619","Lake Union Air Service: LAS"
"19620","Aer Turas Teoranta: QTQ"
"19621","Aero B Venezuela C.A.: AFQ"
"19622","Air Ontario Limited: GX"
"19623","Aer Lingus Plc: EI"
"19624","Saudi Arabian Airlines Corp: SV"
"19625","Air Polynesia d/b/a DHL Cargo: XAB"
"19626","Air Natl Aircraft Sal & Ser: XBZ"
"19627","A/S Conair: CIQ"
"19628","Dash Air Corporation: ANI"
"19629","Air Resorts Airlines: ARA"
"19630","Manu'a Air Transport: MUA"
"19631","Pacific Cal Air: PCL"
"19632","Service Aviation Inc.: SER"
"19633","The Time Machine: TTM"
"19634","Servicio De Carga Aerea Sa: CMQ"
"19635","Hapag Lloyd Flug.: HAQ"
"19636","Air One Inc.: CB"
"19637","Middle East Airlines S.A.L.: ME"
"19638","Arcata Flying Service: AFS"
"19639","Grand Canyon Airlines: GRD"
"19640","Kodiak Airways Inc.: KOD"
"19641","Mid-Atlantic Exp. Airlines: MAE"
"19642","National Commuter Airlines: NCA"
"19643","Sundorph Aeronautical Corp.: SAC"
"19644","Waring Air: WAR"
"19645","All Star Airlines Inc.: EP"
"19646","Aeron International Airlines Inc.: AXQ"
"19647","Jet Fleet Intl. Airlines: JIQ"
"19648","Markair Express: HER"
"19649","Alaska Island Air Inc.: LSZ"
"19650","Air Sunshine Inc.: AAT"
"19651","Eastman Airways Inc.: EAT"
"19652","Spirit Helicopter: SPH"
"19653","Air National: AHQ"
"19654","Executive Charter: EXC (1)"
"19655","Aviation Associates: SNA"
"19656","Airmarc Airlines Inc.: ARM"
"19657","Panorama Air Tours: PAT"
"19658","Trans-Air-Link Corporation: TKQ"
"19659","Audi Air Inc.: AAI"
"19660","Galaxy Airlines Inc.: GAQ"
"19661","Intl Air Service Co. Ltd.: IDQ"
"19662","Transbrasil S.A.: TR"
"19663","Hawkins And Powers Aviation: XCA"
"19664","Jet East Inc.: XBC"
"19665","Air Sedona: ARS"
"19666","Caribbean Express Inc.: CRE"
"19667","Tri-State Airlines Inc.: TFZ"
"19668","Frontier Horizon Inc.: FH"
"19669","Aermediterranea S.P.A.: AWQ"
"19670","Markair Inc.: BF"
"19671","Air Tungaru Corporation: VK"
"19672","Resort Airlines Inc.: RES"
"19673","Alpine Air: AAV"
"19674","Americair Inc.: AME"
"19675","Airspur Helicopters Inc.: ARP"
"19676","Silver Kris Services Ltd.: SKS"
"19677","Buffalo Airways Inc.: BFQ"
"19678","Aloha Airlines Inc.: AQ"
"19679","Air Spirit Inc.: APS"
"19680","Metro Express: EME"
"19681","Frontier Commuter: FRT"
"19682","Virgin Atlantic Airways: VS"
"19683","Airmark Corporation: MKQ"
"19684","Independent Air Inc.: INQ"
"19685","Aerial Transit Company: TPQ"
"19686","Westflight Aviation: WFT"
"19687","Horizon Air: QX"
"19688","Midway Express Airlines: 2M"
"19689","St. Lucia Airways Limited: SDQ"
"19690","Hawaiian Airlines Inc.: HA"
"19691","Pacific Air Express Inc.: XDA"
"19692","Trump Air: RIA"
"19693","North Pacific Airlines Inc.: NPA"
"19694","Flirite Inc.: FLR"
"19695","Talarik Creek Air Taxi: TAT"
"19696","Royale Airlines Inc.: RAY"
"19697","Worldways Canada Ltd.: WWQ"
"19698","Air Charter (Safa): AQQ"
"19699","Samoa Airlines Inc.: MB"
"19700","Alpha Air: APH"
"19701","Jetaire Airlines Inc.: JTA"
"19702","Haiti Air: KB"
"19703","Harbor Air Service: HSV"
"19704","Continental Air Lines Inc.: CO"
"19705","Interstate Airlines Inc.: IRQ"
"19706","Hawaii Pacific Helicopters: CLD"
"19707","Eastern Air Lines Inc.: EA"
"19708","Chisum Flying Service: CSM"
"19709","AvAir: AMR"
"19710","Armstrong Air Service Inc.: AAP"
"19711","Eagle Airline: EGA"
"19712","Business Express Airlines: BEA"
"19713","Alliance Airlines: ACN"
"19714","Astor Air: ASR"
"19715","West Penn Commuter: BAT"
"19716","Barken International: BRK"
"19717","Commuter Airlines (Ca): CMR"
"19718","Cresent Medivac: CRH"
"19719","Coastal Air Transport: CTL"
"19720","Exec Express: EEX"
"19721","La Skycab Airline: LAA"
"19722","National Air: NAT"
"19723","Omniflight Airways: OMI"
"19724","Southern Express Airways: SEP"
"19725","Turner Aire: TUR"
"19726","AAR Western Skyways: WSK"
"19727","Skybus Inc.: FW"
"19728","Caicos Caribbean Airways: CUQ"
"19729","Jet Express: BDE"
"19730","Regent Air Corporation: 4R"
"19731","Westates Airlines: WTA"
"19732","Action Airlines: AON"
"19733","California Seaboard: CAF"
"19734","Enterprise Airlines Inc.: ENT"
"19735","Island Air Express: IEX"
"19736","Maui Airlines: MAA"
"19737","Metro Express 11: MEX"
"19738","Otter Air: OTT"
"19739","Prime Air Inc.: PRM"
"19740","Sallee's Aviation: SAL"
"19741","Wrangell Air Service: WGL"
"19742","Atlantic Gulf Airlines: ZY"
"19743","Skyworld Airlines Inc.: PKQ"
"19744","Presidential Airways Inc.: XV"
"19745","Caribbean Air Cargo Co Ltd.: DC"
"19746","P.T. Garuda Indonesian Arwy: GA"
"19747","Egyptair: MS"
"19748","Bay Air: BYA"
"19749","Five Star Airlines: FFQ"
"19750","King Flying Service: KFS"
"19751","Le Point Air: LEQ"
"19752","Barrow Air: BRW"
"19753","Big Island Air: BIA"
"19754","Cityhop: CCA"
"19755","GP Express Airlines: GPA"
"19756","Iowa Airways: IOW"
"19757","Mountain West Airlines: MWA"
"19758","Resort Commuter: RSC"
"19759","Texas National Airlines: TXA"
"19760","Air Hawaii: AHC"
"19761","Aerotal: XK"
"19762","Air L.A.: ALS"
"19763","Aero Coach: AEO"
"19764","Air Link Airways: ALK"
"19765","Million Air: BFG"
"19766","Helitrans: HEL"
"19767","La Helicopter: LAH"
"19768","Omniflight Helicopters: OMH"
"19769","Reeves Air: RVA"
"19770","Compania Panamena (Copa): CM"
"19771","Zas Airline Of Egypt: ZAQ"
"19772","Polar International: POL"
"19773","Hemisphere Air Charter: XDC"
"19774","Airways International: AIT"
"19775","Chicago Airlines: CGA"
"19776","Royal West Airlines: YM"
"19777","Airpac Inc.: XYZ"
"19778","Aerovias Venezolanas-Avensa: VE"
"19779","Cathay Pacific Airways Ltd.: CX"
"19780","Galena Air Service: GAL"
"19781","Stateswest Airlines: STW"
"19782","Executive Transport: EXR"
"19783","Propheter Aviation: PRP"
"19784","Wise Airlines Inc.: WAI"
"19786","Haines Airways: HNS"
"19787","Great American Airways: FDQ"
"19788","Air Puerto Rico Airlines: FD"
"19789","Viacao Aerea Sao Paulo: VP"
"19790","Delta Air Lines Inc.: DL"
"19791","All Nippon Airways Co.: NH"
"19792","International Parcel Express Inc.: XDD"
"19793","Anglo Airlines Ltd.: AZQ"
"19794","Midcontinent Airlines: MDC"
"19795","Malaysian Airline System: MH"
"19796","Pilgrim Aviation & Airlines: PMT"
"19797","Florida Express Inc.: ZO"
"19798","Orion Air: OPQ"
"19799","Nationair: NAQ"
"19800","Air Cape: APE"
"19801","Lake Coastal: LCT"
"19802","Mst Aviation: MTV"
"19803","First Air: 7F"
"19804","Transportes Aereos De Cabo: VR"
"19805","American Airlines Inc.: AA"
"19806","Air Charter Systems (Acs): WAQ"
"19807","Helitac Aviation: HET"
"19808","Belize Air International Ltd.: BM"
"19809","Highland Express Airways: VY"
"19810","Mid Pacific Airlines Inc.: MPA"
"19811","Aero Tranportes Panamenos: ATQ"
"19812","Millon Air Inc.: LBQ"
"19813","Air Caribe International: ARB"
"19814","Air South (1): ASU"
"19815","Air South: ASH"
"19816","Bangor International Air: BAN"
"19817","Chester County Aviation: CCO"
"19818","East Coast Airways: ECR"
"19819","Hub Express: HEP"
"19820","Tropical Helicopter Airways: THA"
"19821","Turk Hava Yollari A.O.: TK"
"19822","Piedmont Aviation Inc.: PI"
"19823","Air Train Inc.: XDE"
"19824","Haiti Air Freight Intl: HFQ"
"19825","Ketchikan Air Service: KET"
"19826","Salair Inc.: XDF"
"19827","Npa Inc.: NAP"
"19828","Air America: GM"
"19829","Time Air Ltd.: KI"
"19830","Nippon Cargo Airlines: KZ"
"19831","Seagull Air Service: SEG"
"19832","Nasville Eagle: NAS"
"19833","Aleutian Air: ALU"
"19834","Custom Air Service: CUS"
"19835","GCS Air Service: GSC"
"19836","Golden State Airlines: GST"
"19837","Springdale Air: SPG"
"19838","Sportsman Flying Service: SPR"
"19839","Saeta Airlines: EH"
"19840","Aerolineas Mundo: MUQ"
"19841","Tropical Airways Inc.: GG (1)"
"19842","Grenada Airways Ltd.: GG (2)"
"19843","Mid Pacific Air Corp.: MPC"
"19844","Exec Express II: EET"
"19845","Taquan Air Service: TAQ"
"19846","Chartair: CTR"
"19847","Laredo Air: LAR"
"19848","Qwest Commuter: QWE"
"19849","Tri Air Freight: TAF"
"19850","Wra Inc.: WRA"
"19851","Zambia Airways Corp.: Q2"
"19852","Swissair Transport Co. Ltd.: SR"
"19853","Airlift International: ARD"
"19854","Pacair: PCR"
"19855","Bradley Air Services Ltd.: BCQ"
"19856","Corse Air International: CYQ"
"19857","Iraqi Airways: IA"
"19858","Monarch Airlines: ZB"
"19859","Vacationair: VAQ"
"19860","Lineas Aereas La-Tur Sa: LUQ"
"19861","Holidair Airways: HOQ"
"19862","Aerovias S.A.: AOQ"
"19863","Alas De Transporte International: APQ"
"19864","Transamerica Airlines Inc.: TV (1)"
"19865","Haiti Trans Air: TV"
"19866","Canadian Aviation Express: CWQ"
"19867","Japan Air System Co. Ltd.: JD"
"19868","Manhattan Express: MEA"
"19869","Britannia Airways Ltd.: BY"
"19870","Aero Freight: AEF"
"19871","Panama Aviation: PNM"
"19872","Welch Aviation: WLH"
"19873","Austrian Airlines: OS"
"19874","Air Transport International: 8C"
"19875","Aero California: JR"
"19876","Heritage Airlines: HRG"
"19877","Kitty Hawk Air Cargo: XDH"
"19878","Columbia Pacific Airlines (1): EXA"
"19879","Columbia Pacific Airlines: CLB"
"19880","Central States Air Lines: CSL"
"19881","Mohawk Airlines: MHK"
"19882","Skymaster: SYM"
"19883","Novair International Airways Ltd.: NVQ"
"19884","TPI International Airways: TSQ"
"19885","Universal Airlines Inc.: UTQ"
"19886","Aruba Cargo: IPQ"
"19887","Latcr: LCQ"
"19888","Transcarga: TDQ (1)"
"19889","Venexcargo: TDQ"
"19890","Aeroejecutivos C.A.: EJQ"
"19891","Aeropuma: PUQ"
"19892","Aeronautica De Cancun: ACQ"
"19893","Aerovias Colombianas Arca: ARQ"
"19894","Zuliana De Aviacion: ZUQ"
"19895","Interamericana De Aviacion: ITQ"
"19896","Fast Air Carrier Ltd.: UD"
"19897","Lineas Aereas Mayas (Lamsa): MYQ"
"19898","Emery Worldwide Airlines: TNQ"
"19899","Hong Kong Dragonair: KA"
"19900","Air Marshall Islands Inc.: CW"
"19901","Blue Bell Inc.: BUQ (1)"
"19902","Wrangler Aviation Inc.: BUQ"
"19903","Conquest Airline Corp.: CQI"
"19904","Air Southeast: ATH"
"19905","California Air Shuttle: CLF"
"19906","Northcoast Executive: NCE"
"19907","Scott Aviation: SCN"
"19908","Trans Air (Hawaii): TXE"
"19909","Air Belgium: BEQ"
"19910","Aerolineas Latinas: LNQ"
"19911","Air Aruba: FQ"
"19912","Cayman Airways Limited: KX"
"19913","Belize Trans Air: 4H"
"19914","Air Liberte: LRQ"
"19915","Sea Air Shuttle: SAH"
"19916","Primeras Lineas Uruguays For International: PU"
"19917","United Parcel Service: 5X"
"19918","Gulf Air Taxi: GAT"
"19919","Adirondack Airlines: ADR"
"19920","Corporate Air: CRP"
"19921","Drummond Island Air: DIA"
"19922","Gulf Flite Center: GFC"
"19923","Lapsa: LAP"
"19924","L'Express: LEX"
"19925","Travelair: TVL"
"19926","Valley Air Services: VAS"
"19927","Aerosur (1): ASQ"
"19928","Central American Airlines: GW"
"19929","Charter One: CHT"
"19930","Alaska Airlines Inc.: AS"
"19931","Regal Air: 2R"
"19932","Apa International Air S.A.: 7P"
"19933","Air New Zealand: NZ"
"19934","Das Air Cargo: SE (1)"
"19935","Star Aviation: SRA"
"19936","Territorial Airlines: TRR"
"19937","Loken Aviation: LKN"
"19938","Dawn Air: DWN"
"19939","Flying Boat: FYB"
"19940","Caraven S.A.: CVQ"
"19941","Trans Europ. Airways France: EFQ"
"19942","General Air Cargo: GCQ"
"19943","Allied Airlines: ALD"
"19944","Airvantage: AVG"
"19945","Chicago Air Taxi: CGO"
"19946","Great Western Aviation: GWA"
"19947","Paradise Island Airlines: PRD"
"19948","Redwing Airways: RDW"
"19949","Lauda Air Luftfahrt Ag: NG"
"19950","Flagship Express Services: 9R"
"19951","Braniff International Airlines Inc.: BE"
"19952","Carnival Air Lines Inc.: KW"
"19953","Transportes Aereos Mercantiles Panamericanos S.A: QT"
"19954","Japan Air Charter Co. Ltd.: JZ"
"19955","Affretair: ZL"
"19956","Servicios Avensa: VC"
"19957","Mcclain Airlines Inc.: MU (1)"
"19958","China Eastern Airlines: MU"
"19959","Dulles Express: DUL"
"19960","Skybus Express Airlines: SYB"
"19961","Air Transat: TS"
"19962","Hawaii Pacific Air: XAH"
"19963","World Air Network: WL"
"19964","Island Express: IPS"
"19965","Rocky Mountain Helicopters: RMH"
"19966","Sierra Nevada Airways: SNV"
"19967","Trans World Express: TWE"
"19968","Arizona Pacific Airways: AZP"
"19969","International Cargo Xpress: XPQ"
"19970","Northeast Express Regional (1): NER"
"19971","Northeast Express Regional: NEX"
"19972","Av Atlantic: HCQ"
"19973","Aerotour Dominicano Cxa: RTQ"
"19974","Aero Uruguay (1): ROQ"
"19975","Aero Uruguay: URQ"
"19976","Air North: 4N"
"19977","United Air Lines Inc.: UA"
"19978","Air Alpha: AHA"
"19979","Alliance Air: AIY"
"19980","Florida Air: FLA"
"19981","Patriot Airlines Inc.: PAQ"
"19982","USAir Shuttle: TB (1)"
"19983","Key Airlines Inc.: ZN"
"19984","Translift Airways Limited: FB"
"19985","Turks Air Ltd.: KTQ"
"19986","Turks Air Ltd. (1): BHQ"
"19987","Advantage Airlines: ADV"
"19988","Air West Airlines: AWA"
"19989","Keene Airways: KEA"
"19990","Sky One Express: SOE"
"19991","America West Airlines Inc.: HP (Merged with US Airways 9/05.Stopped reporting 10/07.)"
"19992","Hispaniola Airways: ZS"
"19993","Airmark Airlines Inc.: AKQ"
"19994","Reno Air Inc.: QQ"
"19995","Aces Airlines: VX (1)"
"19996","Nicaraguense De Aviacion Sa: 6Y"
"19997","Jet America Airlines Inc.: SI (1)"
"19998","Sierra Pacific Airlines: SI"
"19999","South Pacific Island Airway: SOP"
"20000","Time Air Sweden Ab: HK"
"20001","Tranps Aereos Guatemaltecos: TGQ"
"20002","Morris Air Corporation: KN"
"20003","Balkan Bulgarian Airlines: LZ"
"20004","Cal Air International Ltd.: BR (1)"
"20005","Eva Airways Corporation: BR"
"20006","Capitol Air Express Inc.: CPQ"
"20007","Atlas Air Inc.: 5Y"
"20008","Ram Aviation: RMV"
"20009","Eclipse Airlines: ECL"
"20010","Aero Transcolombiana: CLQ"
"20011","Air Casino: ASN"
"20012","Express Airlines II: EXP"
"20013","Rader Aviation: RDR"
"20014","Trans American Charter: ECQ"
"20015","Export Air Del Peru S.A.: EXQ"
"20016","Lineas Aereas Allegro: LGQ"
"20017","Continental Micronesia: CS"
"20018","J.D.Valenciana De Aviation: V5"
"20019","Private Jet Expeditions: 5J"
"20020","Eagle Airlines: V9"
"20021","Eagle Airlines (1): ECA"
"20022","Leisure International Airways Ltd.: LZQ"
"20023","Malev Hungarian Airlines: MA"
"20024","Serv. Aerolineas Mexicanas: SMQ"
"20025","Lineas Aereas Suramerican: LSQ"
"20026","Quassar De Mexico: OMQ"
"20027","Oasis International Airlines S.A.: OB"
"20028","Aerochago S.A.: G3 (1)"
"20029","Transp. Aereos Ejecutivos: GD"
"20030","Aerolineas Uruguayas S.A.: UYQ"
"20031","People Express Airlines Inc.: PE (1)"
"20032","Air Europe S.P.A.: PE"
"20033","UFS Inc.: U2"
"20034","Pacific International Airlines: PIQ"
"20035","Air Florida Express: AFE"
"20036","American Flight Group: AFG"
"20037","Aviation Sales: AVL"
"20038","Business Helicopters: BUH"
"20039","Four Star Aviation: FRS"
"20040","Sky-Jet: SKJ"
"20041","Salair: SLR"
"20042","Southern Air Transport Inc.: SAQ"
"20043","Air Ukraine: 6U"
"20044","Aeromonterrey S.A.: 7M"
"20045","Biman Bangladesh Airlines: BG"
"20046","Air Wisconsin Airlines Corp: ZW"
"20047","Caribair: CRB"
"20048","Gorda Aero Service: GRA"
"20049","Western Air Lines Inc.: WA (1)"
"20050","Worldwide Airlines Services: WA"
"20051","USAfrica Airways Inc.: E8"
"20052","Skyjet S.A.: SBQ"
"20053","Servicio Aereo Leo Lopez: 8L"
"20054","Gulf Air Transport Inc.: GF (1)"
"20055","Gulf Air Company: GF"
"20056","Antigua Paradise Airways: PDQ"
"20057","Evergreen International Inc.: EZ"
"20058","Air Pacific Ltd. (1): FJ (1)"
"20059","Air Pacific Ltd.: FJ"
"20060","Air South Inc. (1): WV (1)"
"20061","Air South Inc.: ASC"
"20062","Island Air Charters: ICH"
"20063","Pacificair: PFA"
"20064","Ghana Airways Corporation: GH"
"20065","Sky Service F.B.O.: SEQ"
"20066","Advance Air Charters: AAQ"
"20067","Mahalo Air: MHO"
"20068","Capitol Air: CPT"
"20069","Dolphin Express: DXA"
"20070","Grand Airways Inc.: QD"
"20071","Jetall Airways: 8J"
"20072","Scanair: SIQ (1)"
"20073","Premiair: SIQ"
"20074","Renown Aviation: REQ"
"20075","Aeromar C. Por A.: BQ"
"20076","Texas Airways: TXY"
"20077","Halisa Air: WD"
"20078","Western Pacific Airlines: W7"
"20079","Brasair Transportes Aereos: BTQ"
"20080","Uzbekistan Airways: HY"
"20081","Downeast Flying Service: DFS"
"20082","Pine State Airlines: PNS"
"20083","Sunshine Airlines: SUA"
"20084","Aspen Airways Inc.: APN"
"20085","Aeromexpress: QO"
"20086","Tristar Airlines Inc.: T3"
"20087","Sierra Expressway: SXP"
"20088","Tower Air Inc.: FF"
"20089","Serv De Trans Aereos Fuegui: FS"
"20090","Royal Air: QN"
"20091","Krasair: 7B"
"20092","Merlin Express: MLX"
"20093","Custom Air Transport: CTQ"
"20094","Jettrain Airlines: LF"
"20095","World Airways Inc.: WO"
"20096","Mexicargo: GJ (1)"
"20097","Prestige Airways: OI"
"20098","Eagle Jet Charter: EGJ"
"20099","Laker Airways Inc.: 6F"
"20100","Polar Air Cargo Airways: PO"
"20101","Southern Frontier Air Trans: SFQ (1)"
"20102","Pacific International Airlines Inc.: SFQ"
"20103","North East Cargo Airlines: NEQ"
"20104","Transaero Airlines: UN"
"20105","Ecuatoriana De Aviacion: EU"
"20106","Sunworld International Airlines: SM"
"20107","Federal Express Corporation: FX"
"20108","Northern Air Cargo Inc.: NC"
"20109","Blue Scandinavia Ab: TRQ"
"20110","Antonov Company: ADB"
"20111","DHL Aero Expresso: DHQ"
"20112","Maverick Airways: MAV"
"20113","Golden West Airlines Inc.: GDW"
"20114","Air Caribbean (1): XC"
"20115","Air Caribbean: AIC"
"20116","Canada 3000 Airlines Ltd.: 2T"
"20117","Sobelair: Q7 (1)"
"20118","Air Illinois Inc.: UX (1)"
"20119","Air Europa: UX"
"20120","Condor Flugdienst: DE"
"20121","Air Atlantic Dominicana: LU"
"20122","Mountain Air Express: MTX"
"20123","Aeroejecutivo S.A.: SX (1)"
"20124","City Bird: H2"
"20125","Panagra Airways: PNQ"
"20126","Laker Airways: GKQ"
"20127","Lb Limited: 7Z"
"20128","Flying Colours Airlines Ltd.: MT (1)"
"20129","Sky Trek International Airlines: 1I"
"20130","M & N Aviation: MNA"
"20131","Jim Air Inc.: JMA"
"20132","Cascade Airways Inc.: CZ (1)"
"20133","China Southern Airlines: CZ"
"20134","Jamaica Air Freighters: JAQ"
"20135","Nacnet: NET"
"20136","Magadan Airlines: H5"
"20137","Sunworld International Airways Inc.: JK (1)"
"20138","Spanair S.A.: JK"
"20139","Air Atlanta Inc.: CC (1)"
"20140","Air Atlanta Icelandic: CC"
"20141","Austin Express Inc.: AUX"
"20142","Flagship Airlines Inc.: 8N"
"20143","Kiwi International: KP"
"20144","Transportes Aereos Nacional: TX (1)"
"20145","Soc.Nouvelle Air Guadeloupe: TX"
"20146","Sun Pacific International: SPQ"
"20147","TransMeridian Airlines: T9"
"20148","Martinair Holland N.V.: MP"
"20149","Florida West Airlines Inc.: PRQ"
"20150","Harlequin Air Corporation: HQQ"
"20151","Amerijet International: M6"
"20152","Aviacsa Airlines: 6A"
"20153","Ethiopian Airlines: ET"
"20154","Airbus Transport Internat'l: BGQ"
"20155","Aeropostal Alas De Venezuel: VH"
"20156","ABSA-Aerolinhas Brasileiras: M3"
"20157","Swiss World Airways: SO"
"20158","Av Center Inc.: AVC"
"20159","Express Air d/b/a Sunrise: XPA"
"20160","Braniff Inc.: BN (1)"
"20161","Britannia Airways GmbH: BN"
"20162","Air Tahiti Nui: TN"
"20163","Translux Intl Airlines: LXQ"
"20164","Accessair Holdings: ZA"
"20165","Queen Air: 5G (1)"
"20166","Gulf And Caribbean Cargo: GFQ"
"20167","Transportes Aeros Meridiona: JJ"
"20168","Eastwind Airlines Inc.: W9"
"20169","Lynden Air Cargo Airlines: L2"
"20170","Mesaba Airlines: XJ"
"20171","American International Airways Inc.: NI (1)"
"20172","Lanica: NI"
"20173","Kitty Hawk International: CDQ"
"20174","Air Ketchum Idaho Inc.: AIK"
"20175","Luxair: LG"
"20176","National Airlines: N7"
"20177","Asia Pacific: PFQ"
"20178","Lorair Ltd.: LOQ"
"20179","TUIfly Nordic A.B.: 6B"
"20181","Trans International Express: TIE"
"20182","Lapa-Lineas Aereas Privadas: MJ"
"20183","Czech Airlines: OK"
"20184","Novair Airlines Ab: NOQ"
"20185","Jalways Co. Ltd.: JO"
"20186","Sterling Cargo: NB"
"20187","The Hawaii Express Inc.: LP (1)"
"20188","Lan Peru Airlines: LP"
"20189","Aero Continente: N6"
"20190","Southern Air Inc.: 9S"
"20191","Fine Airlines Inc.: FNQ"
"20192","Vanguard Airlines Inc.: NJ"
"20193","Gemini Air Cargo Airways: GR"
"20194","Arrow Air Inc.: JW"
"20195","Tradewinds Airlines: WI"
"20196","Air Malta: KM"
"20197","Casino Airlines (1): CSN"
"20198","Casino Airlines: CSA"
"20199","Farwest Airlines: FRW"
"20200","C.A.L Cargo Airlines: 5C"
"20201","Ameristar Air Cargo: AMQ"
"20202","Chicago Express Airlines: C8 (1)"
"20203","Falcon Air Express: FCQ"
"20204","Champion Air: MG"
"20205","Aeromaritime: OV"
"20206","Jazz Aviation LP: QK"
"20207","Casino Express: XP"
"20208","Taca Peru: TQQ"
"20209","Air Japan Co: NQ"
"20210","Privatair: PBQ"
"20211","Trans World Airways LLC: TW"
"20212","Sunair Express LLC: SUX"
"20213","Polyot Airlines: POQ"
"20214","Avia Leasing Company: AD"
"20215","Best Airlines Inc.: IW (1)"
"20216","Air Liberte Aka Aom Minerve: IW"
"20217","Air Excursions LLC (1): AEX"
"20218","Express One International Inc.: JKQ"
"20219","Village Aviation: VLA"
"20220","Air 21: A7 (1)"
"20221","Air Comet S.A.: A7"
"20222","Estafeta Carga Aereas: E7"
"20223","F.S. Air Service: FSA"
"20224","Katmai Air: KAT"
"20225","Peninsula Airways Inc.: KS"
"20226","Spernak Airways Inc.: SNK"
"20227","Vensecar International: V4"
"20228","Suncoast Airlines Inc.: WS (1)"
"20229","Westjet: WS"
"20230","Lineas Aereas Azteca: ZE"
"20231","Dutch Caribbean Airlines: K8 (1)"
"20232","Cielos De Peru: A2"
"20233","Swiss International Airlines: LX"
"20234","Edelweiss Air Ag: 8R"
"20235","Conner Air Lines Inc.: 4S (1)"
"20236","Sol Air (Aero Hunduras): 4S"
"20237","Trans States Airlines: AX"
"20238","Southern Wind Airlines: A4"
"20239","All Canada Express: CEQ"
"20240","Ccair: SNB"
"20241","Sunrise Airlines Inc.: ASW"
"20242","North Vancouver Air: NXQ"
"20243","Valujet Airlines Inc.: J7"
"20244","Potomac Air: POA"
"20245","Great Plains Airlines Inc.: TRI"
"20246","Atlantic Coast Jet Inc.: ACJ"
"20247","Rio Grande Air: EWA"
"20248","Wilburs Inc.: 8F"
"20249","Nevis Express: NVX"
"20250","Aerolitoral: 5D"
"20251","Westair Airlines Inc.: OE"
"20252","Pacific Island Aviation: 9J"
"20253","Cape Air: 9K"
"20254","Colgan Air: 9L"
"20255","Central Mountain Air: 9M"
"20256","Arizona Airways: ARZ"
"20257","Bemidji Airlines: CH"
"20258","Big Sky Airlines Inc.: GQ"
"20259","European Aviation Air Charter: E72"
"20260","Worldwide Airlines Inc.: WLQ"
"20261","Ellis Air Taxi Inc.: ELL"
"20262","Empire Airlines Inc. (1): UR"
"20263","Empire Airlines Inc.: EM"
"20264","Empire Airlines Inc. (2): EMP"
"20265","Freedom Airlines d/b/a HP Expr: F8"
"20266","G5 Executive Ag: GBQ"
"20267","Grand Canyon Helicopters: GCH"
"20268","Global Supply System: GSQ"
"20269","Allegheny Airlines: HRZ"
"20270","Helijet International Inc.: JB"
"20271","Winair Inc.: WNQ"
"20272","Kenmore Air Harbor: KAH"
"20273","New England Airlines Inc.: NEW"
"20274","Northwest Seaplanes: NWS"
"20275","Ozark Air Lines Inc. (1): OZ (1)"
"20276","Ozark Air Lines Inc.: OZA"
"20277","Asiana Airlines Inc.: OZ"
"20278","Mytravel Airways: RNQ"
"20279","Air-Serve: RSV"
"20280","Seaborne Aviation: SEB"
"20281","Mountain Bird/Salmon Air: S6 (1)"
"20282","Samoa Aviation Inc.: SMO"
"20283","Trans Continental Airlines: YB"
"20284","Express.Net Airlines: TCQ"
"20285","Ward Air: WRD"
"20286","Vintage Props & Jets Inc.: VQ"
"20287","Island Air Hawaii: WP"
"20288","Trans International Airlines Inc.: TFQ"
"20289","West Isle Air: WST"
"20290","Air St. Thomas: ZP"
"20291","Air Midwest Inc.: ZV"
"20292","Airbc Ltd.: ZX (1)"
"20293","Air Georgian: ZX"
"20294","Jetsgo: SG"
"20295","Midway Airlines Inc. (1): ML (1)"
"20296","Aero Costa Rica: ML"
"20297","Midway Airlines Inc.: JI (1)"
"20298","Jes Air Ltd.: JX (1)"
"20299","Southeast Airlines: JX"
"20300","Pacific Wings Airlines: LW"
"20301","Kar-Air Oy: KR (1)"
"20302","Kitty Hawk Aircargo: KR"
"20303","Nolinor Aviation: NLQ"
"20304","SkyWest Airlines Inc.: OO"
"20305","Pace Airlines: PCQ"
"20306","Challenge Air Transport Inc.: VV (1)"
"20307","Challenge Air International Inc.: VV (2)"
"20308","Centurion Cargo Inc.: WE"
"20309","Aerosvit Ukranian Airlines: VV"
"20310","Caribbean Sun Airlines, Inc. d/b/a World Atlantic Airlines: K8"
"20311","Jet Connection Businessflight Ag: JCQ"
"20312","ATA Airlines d/b/a ATA: TZ"
"20313","Cargojet Airways Ltd.: W8"
"20314","Midwest Airline, Inc.: YX (1)"
"20315","Bellair Inc. (1): 7G (1)"
"20316","Bellair Inc.: 5B"
"20317","MK Airlines Ltd.: 7G"
"20318","Olson Air Service: 4B (1)"
"20319","Smokey Bay Air Inc.: 2E"
"20320","Frontier Flying Service: 2F"
"20321","British Airtours Limited: 4E (1)"
"20322","Tanana Air Service: 4E"
"20323","Warbelow: 4W"
"20324","Yute Air Aka Flight Alaska: 4Y"
"20325","Arctic Circle Air Service: 5F"
"20326","Cape Smythe Air Service: 6C"
"20327","Era Aviation: 7H"
"20328","Inland Aviation Services: 7N"
"20329","Skystar International Inc.: 7S (1)"
"20330","Arctic Transportation: 7S"
"20331","Bering Air Inc.: 8E"
"20332","Baker Aviation Inc.: 8Q"
"20333","Wright Air Service: 8V"
"20334","Thomas Cook Airlines Uk Ltd.: MT"
"20335","Boston-Maine Airways: E9"
"20336","Hageland Aviation Service: H6"
"20337","Alaska Seaplane Service: J5"
"20338","Larrys Flying Service: J6"
"20339","L.A.B. Flying Service Inc.: JF"
"20340","SeaPort Airlines, Inc. d/b/a Wings of Alaska: K5"
"20341","Alaska Central Express: KO"
"20342","40-Mile Air: Q5"
"20343","Airlift International Inc.: RD (1)"
"20344","Ryan International Airlines: RD"
"20345","Regency Air: RGQ"
"20346","Iliamna Air Taxi: V8"
"20347","Pro Air Inc.: P9"
"20348","Lan Ecuador: XL"
"20349","Promech: Z3 (1)"
"20350","Lan Dominica: 4M (1)"
"20351","Primaris Airlines Inc.: FE"
"20352","Westward Airways Inc.: WAW"
"20353","Servant Air Inc.: 8D"
"20354","Aerodynamics Inc.: AJQ"
"20355","US Airways Inc.: US"
"20356","Skyway Airlines: AL"
"20357","Astar USA, LLC: ER"
"20358","Great Lakes Airlines: ZK"
"20359","Triair Bermuda Flt Operations: TBQ"
"20360","Sata Internacional: S4"
"20361","Valley Air Express Inc.: 2U"
"20362","China Cargo Airline: CK"
"20363","Endeavor Air Inc.: 9E"
"20364","Canjet Airlines: C6"
"20365","Aviation Concepts: CZQ"
"20366","ExpressJet Airlines Inc.: EV"
"20367","Freedom Air: FRA"
"20368","Allegiant Air: G4"
"20370","Kalitta Air LLC: KAQ"
"20371","Reliant Airlines: RLQ"
"20372","Kalitta Charters II: KLQ"
"20373","Propair: PPQ"
"20374","ExpressJet Airlines Inc. (1): XE"
"20375","First Choice Airways: TZQ"
"20376","Mn Aviation, Inc.: W4"
"20377","Omni Air Express: X9"
"20378","Mesa Airlines Inc.: YV"
"20379","Zantop International: ZKQ"
"20380","SkyLink Express Inc.: PEQ"
"20381","Air Atlanta Europe: EUQ"
"20382","Victory Air Transport Inc.: VCQ"
"20383","Venture Travel LLC d/b/a Taquan Air Service: K3"
"20384","Pan American World Airways (1): PA (1)"
"20385","Air Panama Internacional: OP (1)"
"20386","Pan American World Airways: PA (2)"
"20387","Pan American Airways Corp.: PN"
"20388","Flying Boat Inc.: OP"
"20389","Florida Coastal Airlines: PA"
"20390","Belair Airlines Ltd.: 4T"
"20391","Israir Airlines: 6H"
"20392","Emirates: EK"
"20393","Business Express: HQ (1)"
"20394","Harmony Airways: HQ"
"20395","Sociedad Aeronautica De Med: MM (1)"
"20396","Euro Atlantic Airways: MM"
"20397","PSA Airlines Inc.: 16"
"20398","Envoy Air: MQ"
"20399","Planet Airways: PLQ"
"20400","Capital Cargo International: PT"
"20401","Silver Airways: 3M"
"20402","Miami Air International: GL"
"20403","Discovery Airways Inc.: DH (1)"
"20404","Independence Air: DH"
"20405","National Air Cargo Group, Inc. d/b/a Murray Air: MRQ"
"20406","NetJets Large Aircraft Company L.L.C.: BNQ"
"20407","Regions Air, Inc.: 3C"
"20408","Tatonduk Outfitters Limited d/b/a Everts Air Alaska and Everts Air Cargo: 5V"
"20409","JetBlue Airways: B6"
"20410","Celtic Tech Jet Ltd.: CSQ"
"20411","Arizona Express: K7"
"20412","Nations Air Express Inc.: N5 (1)"
"20413","Skagway Air Service: N5"
"20414","Executive Airlines: OW"
"20415","North American Airlines: NA"
"20416","Spirit Air Lines: NK"
"20417","Comair Inc.: OH"
"20418","Chautauqua Airlines Inc.: RP"
"20419","Aerolineas Nicaraguenses: RL (1)"
"20420","UltrAir: RL"
"20421","Sky King Inc.: SLQ"
"20422","Sun Country Airlines d/b/a MN Airlines: SY"
"20423","USA 3000 Airlines: U5"
"20424","Grand Canyon Airlines, Inc. d/b/a Grand Canyon Airlines d/b/a Scenic Airlines: YR"
"20425","Viscount Air Service Inc.: VIQ (1)"
"20426","Vieques Air Link Inc.: VI"
"20427","Piedmont Airlines: 17"
"20428","Volga-Dnepr Airlines: VIQ"
"20429","Aero Laguna S.A. De C.V.: AVQ"
"20430","Aerodan S.A. De C.V.: AYQ"
"20431","Aero Rentas De Coahuila S.A. De C.V.: BAQ"
"20432","Aerotaxis De Aguascalientes S.A. De C.V.: BDQ"
"20433","Servicios Aeronauticos Z S.A. De C.V.: BIQ"
"20434","Taxirey S.A. De C.V.: BJQ"
"20435","Frontier Airlines Inc. (1): FL (1)"
"20436","Frontier Airlines Inc.: F9"
"20437","AirTran Airways Corporation: FL"
"20438","Air Club International: HB (1)"
"20439","Homer Air: HB"
"20440","Lineas Aereas Del Caribe: LC (1)"
"20441","Legend Airlines: LC (2)"
"20442","Varig Logistica S/A: LC"
"20443","Island Air Service: 2O"
"20444","Excel Airways: JN"
"20445","Commutair Aka Champlain Enterprises, Inc.: C5"
"20446","Aerotransportes Mas De Crga: M7"
"20447","USA Jet Airlines Inc.: U7"
"20448","Shuttle America Corp.: S5"
"20449","Aero-Services-Corporate: WEQ"
"20450","Omega Air Holdings d/b/a Focus Air: F2"
"20451","Transmile Air Service: TH"
"20452","Republic Airlines: YX"
"20453","ABX Air, Inc.: ABX"
"20454","EOS Airlines, Inc.: E0"
"20455","Grant Aviation: GV"
"20456","Air Foyle Limited: GS"
"20500","GoJet Airlines, LLC d/b/a United Express: G7"
"20501","Morningstar Air Express: MOQ"
"20502","MAXjet: MY"
"21007","Abaco Air, Ltd.: BZQ"
"21008","Challenge Air Luftverkehrs GmbH: CAQ"
"21022","PM Air, LLC: Z3"
"21029","Harris Air Services: HBQ"
"21035","Tyrolean Jet Service: TIQ"
"21036","Executive Airlines, SL: EAQ"
"21040","Titan Airways: 02Q"
"21059","TUI Airlines Nederland B.V.: OR"
"21061","Aerounion Aerotransporte de Carga Union SA de CV: 6R"
"21069","Cargo 360, Inc.: GG"
"21070","Globespan Airways Limited d/b/a Flyglobespan: Y2"
"21074","Arrow Panama: WAP"
"21080","Tradewind Aviation: 04Q"
"21084","LAN Argentina: 4M"
"21089","US Helicopter Corporation: UH"
"21094","Comlux Aviation, AG: 05Q"
"21099","NetJets Transportes Aereos, S.A.: NJE"
"21107","Etihad Airways: EY"
"21111","Pacific Airways, Inc.: 3F"
"21116","Flyjet Limited d/b/a Silverjet: Y7"
"21117","TravelspanGT, Inc. S.A.: 9T"
"21118","Zeal 320: 37"
"21121","Elysair d/b/a L'Avion: A0"
"21126","ANA & JP Express Co. Ltd.: 9N"
"21131","VistaJet Luftfahrtunternehmen GmbH: VSA"
"21132","Master Top Linhas Aereas Ltd.: 06Q"
"21134","JetClub AG: 0J"
"21136","Flair Airlines Ltd.: 07Q"
"21142","Avior Airlines, C.A.: 9V"
"21147","Flying Service N.V.: 0Q"
"21148","Master Top Linhas Aereas, Ltda.: Q4"
"21158","Global Jet Austria, GmbH: IGA"
"21160","Global Jet Luxembourg, Sa: SVW"
"21161","Swift Air, LLC: 09Q"
"21167","Compass Airlines: CP"
"21171","Virgin America: VX"
"21177","Skybus Airlines, Inc.: SX"
"21181","Skyservice Airlines, Inc.: 5G"
"21186","DCA: 0BQ"
"21192","Eurofly S.p.A: GJ"
"21196","ACM AIR CHARTER GmbH: 0CQ"
"21201","Jade Cargo International: JI"
"21202","CAT Aviation: CAZ"
"21205","Inter Island Airways, d/b/a Inter Island Air: 0GQ"
"21212","Polar Airlines de Mexico d/b/a Nova Air: 0HQ"
"21217","Lynx Aviation d/b/a Frontier Airlines: L3"
"21221","Vladivostok Air: XF"
"21226","Porter Airlines, Inc.: PD"
"21231","Sunwing Airlines Inc.: WG"
"21236","Vision Airlines: 0JQ"
"21242","Mokulele Flight Services, Inc.: MW"
"21247","Star Air A/S: S6"
"21248","Metropix UK, LLP.: 0LQ"
"21253","Multi-Aero, Inc. d/b/a Air Choice One: 0MQ"
"21258","Santa Barbara Airlines, C.A: S3"
"21261","Jet Airways (India) Limited: 9W"
"21262","Qatar Airways (Q.C.S.C): QR"
"21266","Yangtze River Express Airlines Company: Y8"
"21271","Hainan Airlines Company Limited: HU"
"21281","JetAlliance Flugbetriebs d/b/a JAF Airservice: JAG"
"21287","Open Skies: 0OQ"
"21294","Aeromexico Travel: TRA"
"21302","Pan American World Airways Dominicana: 7Q"
"21306","TAG Aviation S.A.: FP"
"21308","TAG Aviation (UK) Ltd.: 0QQ"
"21309","TAG Aviation Espana S.L.: 0RQ"
"21312","Air Greco, Inc., d/b/a Wings Air: WV"
"21317","Corporatejets, XXI: 0TQ"
"21323","Aerosur: 5L"
"21326","Great Wall Airlines Company Limited: IJ"
"21331","Comlux Malta, Ltd.: 0UQ"
"21342","Aeroenlaces Nacionales, S.A. de C.V. d/b/a VivaAerobus: VB"
"21346","Ocean Sky (UK) Limited: 0VQ"
"21351","Concesionaria Vuela Compania De Aviacion SA de CV (Volaris): Y4"
"21352","Avjet Corporation: 0WQ"
"21356","Jetstar Airways Pty Limited: JQ"
"21361","Air Berlin PLC and CO: AB"
"21366","XL Airways France: SE"
"21373","Aeroservices Executive: BES"
"21376","Lan Colombia: L7"
"21382","Comlux Malta Ltd.: 0YQ"
"21386","Air Excursions LLC: X4"
"21395","Virgin Blue International Airlines t/a V Australia: VA"
"21402","Prescott Support Company, Inc.: PM"
"21406","Acropolis Aviation Ltd.: CRV"
"21407","Swiss Air Ambulance: 10Q"
"21411","Insel Air International B V: 7I"
"21416","Jin Air Co Ltd.: LJ"
"21421","Jet Aviation Business Jets AG: PP"
"21423","Unijet: 12Q"
"21427","AeroLogic GmbH: 3S"
"21433","Meridiana S.p.A: IG"
"21434","Corsair International: SS"
"21437","Chartright Air Inc.: 13Q"
"21438","Hapag-Lloyd Executive GmbH: EXC"
"21439","London Air Services Limited: 14Q"
"21440","Air Alsie A/S: 15Q"
"21447","Albinati Aeronautics SA: 17Q"
"21452","Skymark Airlines Inc.: BC"
"21463","Aerovias de Intergracian Regional: 4C"
"21467","Arik Air International: W3"
"21477","Charter Air Transport, Inc.: 1AQ"
"21487","AirBridgeCargo Airlines Limited: RU"
"21492","Dynamic Airways, LLC: 1BQ"
"21503","Island Airlines LLC: 1DQ"
"21507","Aerolineas Galapagos S A Aerogal: 2K"
"21512","Travel Service, a.s.: QS"
"21518","KaiserAir, Inc.: 1EQ"
"21522","Alsek Air: 1FQ"
"21528","Transportes Aeromar S.A de C.V: VW"
"21532","Air Finland Ltd.: OF"
"21548","International Jet Management GmbH: 1HQ"
"21549","Jet link AG: 1IQ"
"21552","TUI Airlines Belgium N.V. d/b/a Jetairfly: TB"
"21557","Sichuan Airlines Co Ltd.: 3U"
"21562","Exec Direct Aviation Services Limited: 1JQ"
"21567","Brussels Airlines N.V.: SN"
"21568","VistaJet Limited: VJT"
"21569","Amira Air GmbH: XPE"
"21570","Star Marianas Air Inc.: 1SQ"
"21573","Bertelsmann Aviation GmbH: 1LQ"
"21574","Air Company Yakutia: R3"
"21577","Rhoades Aviation dba Transair: 1TQ"
"21578","ABC Aerolineas SA de CV dba Interjet: 4O"
"21579","Norwegian Air Shuttle ASA: DY"
"21580","Cargolux Italia SpA: C8"
"21582","Reeve Air Alaska, LLC: RVQ"
"21587","Tame Linea Aerea del Ecuador Tme EP: EQ"
"21589","Twin Cities Air Service LLC: 1MQ"
"21590","Gainjet Aviation SA: 1UQ"
"21592","Jeju Air Co Ltd.: 7C"
"21594","Scott Air LLC dba Island Air Express: 1VQ"
"21596","Ultimate JetCharters LLC dba Ultimate Air Shuttle: 1WQ"
"21597","JSC The 224th Flight Unit State Airlines: 1NQ"
"21598","WOW Air ehf: WW"
"21599","Boutique Air: 4B"
"21601","Dassault Falcon Service: 1XQ"
"21605","VRG Linhas Aereas S A: G3"
"21607","Fly Jamaica Airways Limited: OJ"
"21608","Ukraine International Airlines: PS"
"21610","Air Canada rouge LP: RV"
"21611","Sky Regional Airlines Inc.: RS"
"21613","Makani Kai Air Charters: 1PQ"
"21614","City Wings Inc dba Seaflight: 1QQ"
"21615","Air Charter, Inc d/b/a Air Flamenco: 1YQ"
"21618","Sun Air Express LLC dba Sun Air International: 1RQ"
"21623","SkyBahamas Airlines Ltd.: Q7"
"21624","Jet2.com: LS"
"21626","Dreamjet SAS Dba La Compagnie: B0"
"21629","Western Global: KD"
"21630","Comlux Aruba NV: 1ZQ"
"21631","Orange Air: 20Q"
"21634","Aloha Air Cargo: KH"
